<?xml version="1.0" encoding="UTF-8"?>
<metadata>
  <identifier>BonzifyMaster</identifier>
  <mediatype>software</mediatype>
  <collection>open_source_software</collection>
  <description>Bonzi Buddy Virus</description>
  <scanner>Internet Archive HTML5 Uploader 1.6.3</scanner>
  <subject>Bonzi Buddy</subject>
  <title>Bonzify </title>
  <publicdate>2018-09-01 03:48:40</publicdate>
  <uploader>austin.richardson29@gmail.com</uploader>
  <addeddate>2018-09-01 03:48:40</addeddate>
  <curation>[curator]validator@archive.org[/curator][date]20180901035407[/date][comment]checked for malware[/comment]</curation>
  <backup_location>ia906801_15</backup_location>
  <collection>community</collection>
</metadata>
